{
  "example_1": {
    "user_input": "Simulate 14 operators, 12 nurses and 5% extra demand",
    "parameters": {
      "n_operators": 14,
      "n_nurses": 12,
      "mean_iat": 0.57,
      "call_low": 5.0,
      "call_mode": 7.0,
      "call_high": 10.0,
      "callback_prob": 0.4,
      "nurse_consult_low": 10.0,
      "nurse_consult_high": 20.0,
      "random_seed": 0,
      "run_length": 1000
    },
    "expected_results": {
      "01_mean_waiting_time": 2.3504694345055652,
      "02_operator_util": 90.86219986414451,
      "03_mean_nurse_waiting_time": 4.1106430489118715,
      "04_nurse_util": 90.36357093206236,
      "05_callback_rate": 42.5531914893617
    },
    "agent_result": {
      "01_mean_waiting_time": 2.3504694345055652,
      "02_operator_util": 90.86219986414451,
      "03_mean_nurse_waiting_time": 4.1106430489118715,
      "04_nurse_util": 90.36357093206236,
      "05_callback_rate": 42.5531914893617
    },
    "passed": true,
    "context": {
      "trace_id": "f5261ab566c4e5bebfbea7cc7f28b71c",
      "span_id": "fd13f4f202d0d7a5"
    }
  },
  "example_2": {
    "user_input": "Run scenario with double staffing and normal call volume",
    "parameters": {
      "n_operators": 26,
      "n_nurses": 20,
      "mean_iat": 0.6,
      "call_low": 5.0,
      "call_mode": 7.0,
      "call_high": 10.0,
      "callback_prob": 0.4,
      "nurse_consult_low": 10.0,
      "nurse_consult_high": 20.0,
      "random_seed": 0,
      "run_length": 1000
    },
    "expected_results": {
      "01_mean_waiting_time": 0.0,
      "02_operator_util": 46.452122409679156,
      "03_mean_nurse_waiting_time": 0.0041045663539504606,
      "04_nurse_util": 51.20346053052576,
      "05_callback_rate": 42.12121212121212
    },
    "agent_result": {
      "01_mean_waiting_time": 0.0,
      "02_operator_util": 46.452122409679156,
      "03_mean_nurse_waiting_time": 43.94073145744734,
      "04_nurse_util": 97.41291238872327,
      "05_callback_rate": 42.12121212121212
    },
    "passed": false,
    "context": {
      "trace_id": "c93069f691d1a1edbca3886db55bc2cc",
      "span_id": "1c4b8ed595ac9a41"
    }
  },
  "example_3": {
    "user_input": "Test configuration with 8 operators, 6 nurses, and 20% increased demand",
    "parameters": {
      "n_operators": 8,
      "n_nurses": 6,
      "mean_iat": 0.48,
      "call_low": 5.0,
      "call_mode": 7.0,
      "call_high": 10.0,
      "callback_prob": 0.4,
      "nurse_consult_low": 10.0,
      "nurse_consult_high": 20.0,
      "random_seed": 0,
      "run_length": 1000
    },
    "expected_results": {
      "01_mean_waiting_time": 242.69198606467467,
      "02_operator_util": 99.35481108027054,
      "03_mean_nurse_waiting_time": 78.94431797274639,
      "04_nurse_util": 97.8390040780754,
      "05_callback_rate": 42.48847926267281
    },
    "agent_result": {
      "01_mean_waiting_time": 230.08648598465186,
      "02_operator_util": 99.35481108027054,
      "03_mean_nurse_waiting_time": 78.94871019130441,
      "04_nurse_util": 97.8390040780754,
      "05_callback_rate": 42.48847926267281
    },
    "passed": false,
    "context": {
      "trace_id": "0f08ea84447ef6e9bdb05a17920807db",
      "span_id": "b87894c014f8cf28"
    }
  },
  "example_4": {
    "user_input": "Simulate with 20 operators, 15 nurses, and half the usual call volume",
    "parameters": {
      "n_operators": 20,
      "n_nurses": 15,
      "mean_iat": 1.2,
      "call_low": 5.0,
      "call_mode": 7.0,
      "call_high": 10.0,
      "callback_prob": 0.4,
      "nurse_consult_low": 10.0,
      "nurse_consult_high": 20.0,
      "random_seed": 0,
      "run_length": 1000
    },
    "expected_results": {
      "01_mean_waiting_time": 0.0,
      "02_operator_util": 31.21492694742085,
      "03_mean_nurse_waiting_time": 0.0,
      "04_nurse_util": 35.17900361818962,
      "05_callback_rate": 42.17289719626168
    },
    "agent_result": {
      "01_mean_waiting_time": 0.0,
      "02_operator_util": 31.21492694742085,
      "03_mean_nurse_waiting_time": 0.0,
      "04_nurse_util": 35.17900361818962,
      "05_callback_rate": 42.17289719626168
    },
    "passed": true,
    "context": {
      "trace_id": "3a7d4f511089509f19d615d5b04a725d",
      "span_id": "926e778adc644f4c"
    }
  },
  "example_5": {
    "user_input": "Run with 10 operators, 8 nurses, 30% callback probability, and 10% reduced demand",
    "parameters": {
      "n_operators": 10,
      "n_nurses": 8,
      "mean_iat": 0.66,
      "call_low": 5.0,
      "call_mode": 7.0,
      "call_high": 10.0,
      "callback_prob": 0.3,
      "nurse_consult_low": 10.0,
      "nurse_consult_high": 20.0,
      "random_seed": 0,
      "run_length": 1000
    },
    "expected_results": {
      "01_mean_waiting_time": 62.26336943615235,
      "02_operator_util": 98.91827940297605,
      "03_mean_nurse_waiting_time": 2.3551925550777337,
      "04_nurse_util": 82.46774067208518,
      "05_callback_rate": 33.012583271650634
    },
    "agent_result": {
      "01_mean_waiting_time": 46.3970260873325,
      "02_operator_util": 98.6111946659619,
      "03_mean_nurse_waiting_time": 2.290083053642536,
      "04_nurse_util": 82.07127437115734,
      "05_callback_rate": 33.11061618411284
    },
    "passed": false,
    "context": {
      "trace_id": "3dd0f874abcf87f832d31fb352632636",
      "span_id": "ad80c628897ebbbe"
    }
  },
  "example_6": {
    "user_input": "Test scenario: 25 operators, 25 nurses, triple demand",
    "parameters": {
      "n_operators": 25,
      "n_nurses": 25,
      "mean_iat": 0.2,
      "call_low": 5.0,
      "call_mode": 7.0,
      "call_high": 10.0,
      "callback_prob": 0.4,
      "nurse_consult_low": 10.0,
      "nurse_consult_high": 20.0,
      "random_seed": 0,
      "run_length": 1000
    },
    "expected_results": {
      "01_mean_waiting_time": 161.26826119772568,
      "02_operator_util": 99.27336565709264,
      "03_mean_nurse_waiting_time": 0.4505143843086236,
      "04_nurse_util": 83.59706413413956,
      "05_callback_rate": 41.69621749408983
    },
    "agent_result": {
      "01_mean_waiting_time": 161.26826119772568,
      "02_operator_util": 99.27336565709264,
      "03_mean_nurse_waiting_time": 0.4505143843086236,
      "04_nurse_util": 83.59706413413956,
      "05_callback_rate": 41.69621749408983
    },
    "passed": true,
    "context": {
      "trace_id": "7665b2b29408259e148fccd619ac80e6",
      "span_id": "06181825b8538a83"
    }
  },
  "example_7": {
    "user_input": "Simulate 15 operators, 12 nurses, call durations 3-6-9 minutes, 2000 minute runtime",
    "parameters": {
      "n_operators": 15,
      "n_nurses": 12,
      "mean_iat": 0.6,
      "call_low": 3.0,
      "call_mode": 6.0,
      "call_high": 9.0,
      "callback_prob": 0.4,
      "nurse_consult_low": 10.0,
      "nurse_consult_high": 20.0,
      "random_seed": 0,
      "run_length": 2000
    },
    "expected_results": {
      "01_mean_waiting_time": 0.07192106569784922,
      "02_operator_util": 66.74240386374329,
      "03_mean_nurse_waiting_time": 2.663802537251699,
      "04_nurse_util": 86.43094276820304,
      "05_callback_rate": 41.684147437818396
    },
    "agent_result": {
      "01_mean_waiting_time": 0.07192106569784922,
      "02_operator_util": 66.74240386374329,
      "03_mean_nurse_waiting_time": 2.663802537251699,
      "04_nurse_util": 86.43094276820304,
      "05_callback_rate": 41.684147437818396
    },
    "passed": true,
    "context": {
      "trace_id": "351c928786d9364f8bf28983dd16c0a8",
      "span_id": "6bffbbff22841ac8"
    }
  },
  "example_8": {
    "user_input": "Run with 6 operators, 4 nurses, 60% callback rate, and 25% higher demand",
    "parameters": {
      "n_operators": 6,
      "n_nurses": 4,
      "mean_iat": 0.45,
      "call_low": 5.0,
      "call_mode": 7.0,
      "call_high": 10.0,
      "callback_prob": 0.6,
      "nurse_consult_low": 10.0,
      "nurse_consult_high": 20.0,
      "random_seed": 0,
      "run_length": 1000
    },